{
  "project_info": {
    "project_number": "672505754660",
    "firebase_url": "https://sem114b2024-default-rtdb.firebaseio.com",
    "project_id": "sem114b2024",
    "storage_bucket": "sem114b2024.appspot.com"
  },
  "client": [
    {
      "client_info": {
        "mobilesdk_app_id": "1:672505754660:android:a018a8a5bd86f898f014b1",
        "android_client_info": {
          "package_name": "ro.ase.lab114b"
        }
      },
      "oauth_client": [],
      "api_key": [
        {
          "current_key": "AIzaSyAbL4RZXX5atJaJLooyILsjh7Gz_44wob8"
        }
      ],
      "services": {
        "appinvite_service": {
          "other_platform_oauth_client": []
        }
      }
    }
  ],
  "configuration_version": "1"
}